Workbook

Sheet COMPRAS
A1: REFERENCIA | B1: UNIDADES PEDIDAS | C1: NOMBRE ARTICULO | D1: PRECIO ARTICULO | E1: FECHA PEDIDO | F1: PROVEEDOR
A2: C001 | B2: 18 | C2: =VLOOKUP(A2,ARTICULOS!$A$2:$D$11,2,FALSE) -> MODEM | D2: =VLOOKUP(A2,ARTICULOS!$A$2:$D$11,4,0) -> 50 | E2: 37299 | F2: =VLOOKUP(A2,ARTICULOS!$A$2:$D$11,3,0) -> El Corte Ingles
A3: C002 | B3: 20 | C3: =VLOOKUP(A3,ARTICULOS!$A$2:$D$11,2,FALSE) -> RATON | D3: =VLOOKUP(A3,ARTICULOS!$A$2:$D$11,4,0) -> 10 | E3: 37340 | F3: =VLOOKUP(A3,ARTICULOS!$A$2:$D$11,3,0) -> El Corte Ingles
A4: C003 | B4: 30 | C4: =VLOOKUP(A4,ARTICULOS!$A$2:$D$11,2,FALSE) -> TECLADO | D4: =VLOOKUP(A4,ARTICULOS!$A$2:$D$11,4,0) -> 12 | E4: 37346 | F4: =VLOOKUP(A4,ARTICULOS!$A$2:$D$11,3,0) -> Carrefour
A5: C001 | B5: 35 | C5: =VLOOKUP(A5,ARTICULOS!$A$2:$D$11,2,FALSE) -> MODEM | D5: =VLOOKUP(A5,ARTICULOS!$A$2:$D$11,4,0) -> 50 | E5: 37370 | F5: =VLOOKUP(A5,ARTICULOS!$A$2:$D$11,3,0) -> El Corte Ingles
A6: C004 | B6: 40 | C6: =VLOOKUP(A6,ARTICULOS!$A$2:$D$11,2,FALSE) -> TORRE | D6: =VLOOKUP(A6,ARTICULOS!$A$2:$D$11,4,0) -> 200 | E6: 37376 | F6: =VLOOKUP(A6,ARTICULOS!$A$2:$D$11,3,0) -> DIA
A7: C003 | B7: 10 | C7: =VLOOKUP(A7,ARTICULOS!$A$2:$D$11,2,FALSE) -> TECLADO | D7: =VLOOKUP(A7,ARTICULOS!$A$2:$D$11,4,0) -> 12 | E7: 37401 | F7: =VLOOKUP(A7,ARTICULOS!$A$2:$D$11,3,0) -> Carrefour
A8: C001 | B8: 8 | C8: =VLOOKUP(A8,ARTICULOS!$A$2:$D$11,2,FALSE) -> MODEM | D8: =VLOOKUP(A8,ARTICULOS!$A$2:$D$11,4,0) -> 50 | E8: 37404 | F8: =VLOOKUP(A8,ARTICULOS!$A$2:$D$11,3,0) -> El Corte Ingles
A9: C005 | B9: 90 | C9: =VLOOKUP(A9,ARTICULOS!$A$2:$D$11,2,FALSE) -> CAJA | D9: =VLOOKUP(A9,ARTICULOS!$A$2:$D$11,4,0) -> 150 | E9: 37408 | F9: =VLOOKUP(A9,ARTICULOS!$A$2:$D$11,3,0) -> DIA
A10: C006 | B10: 120 | C10: =VLOOKUP(A10,ARTICULOS!$A$2:$D$11,2,FALSE) -> MONITOR | D10: =VLOOKUP(A10,ARTICULOS!$A$2:$D$11,4,0) -> 150 | E10: 37417 | F10: =VLOOKUP(A10,ARTICULOS!$A$2:$D$11,3,0) -> Erosky
A11: C005 | B11: 90 | C11: =VLOOKUP(A11,ARTICULOS!$A$2:$D$11,2,FALSE) -> CAJA | D11: =VLOOKUP(A11,ARTICULOS!$A$2:$D$11,4,0) -> 150 | E11: 37427 | F11: =VLOOKUP(A11,ARTICULOS!$A$2:$D$11,3,0) -> DIA | H11: SINTAXIS
A12: C006 | B12: 65 | C12: =VLOOKUP(A12,ARTICULOS!$A$2:$D$11,2,FALSE) -> MONITOR | D12: =VLOOKUP(A12,ARTICULOS!$A$2:$D$11,4,0) -> 150 | E12: 37444 | F12: =VLOOKUP(A12,ARTICULOS!$A$2:$D$11,3,0) -> Erosky | H12: "=BUSCARV(valor_buscado;matriz_tabla;indicador_columnas;[rango])"
A13: C004 | B13: 70 | C13: =VLOOKUP(A13,ARTICULOS!$A$2:$D$11,2,FALSE) -> TORRE | D13: =VLOOKUP(A13,ARTICULOS!$A$2:$D$11,4,0) -> 200 | E13: 37504 | F13: =VLOOKUP(A13,ARTICULOS!$A$2:$D$11,3,0) -> DIA
A14: C003 | B14: 30 | C14: =VLOOKUP(A14,ARTICULOS!$A$2:$D$11,2,FALSE) -> TECLADO | D14: =VLOOKUP(A14,ARTICULOS!$A$2:$D$11,4,0) -> 12 | E14: 37514 | F14: =VLOOKUP(A14,ARTICULOS!$A$2:$D$11,3,0) -> Carrefour
A15: C009 | B15: 20 | C15: =VLOOKUP(A15,ARTICULOS!$A$2:$D$11,2,FALSE) -> DISCO | D15: =VLOOKUP(A15,ARTICULOS!$A$2:$D$11,4,0) -> 100 | E15: 37529 | F15: =VLOOKUP(A15,ARTICULOS!$A$2:$D$11,3,0) -> LIDL
A16: C001 | B16: 45 | C16: =VLOOKUP(A16,ARTICULOS!$A$2:$D$11,2,FALSE) -> MODEM | D16: =VLOOKUP(A16,ARTICULOS!$A$2:$D$11,4,0) -> 50 | E16: 37541 | F16: =VLOOKUP(A16,ARTICULOS!$A$2:$D$11,3,0) -> El Corte Ingles
A17: C009 | B17: 61 | C17: =VLOOKUP(A17,ARTICULOS!$A$2:$D$11,2,FALSE) -> DISCO | D17: =VLOOKUP(A17,ARTICULOS!$A$2:$D$11,4,0) -> 100 | E17: 37547 | F17: =VLOOKUP(A17,ARTICULOS!$A$2:$D$11,3,0) -> LIDL
A18: C005 | B18: 70 | C18: =VLOOKUP(A18,ARTICULOS!$A$2:$D$11,2,FALSE) -> CAJA | D18: =VLOOKUP(A18,ARTICULOS!$A$2:$D$11,4,0) -> 150 | E18: 37585 | F18: =VLOOKUP(A18,ARTICULOS!$A$2:$D$11,3,0) -> DIA
A19: C003 | B19: 75 | C19: =VLOOKUP(A19,ARTICULOS!$A$2:$D$11,2,FALSE) -> TECLADO | D19: =VLOOKUP(A19,ARTICULOS!$A$2:$D$11,4,0) -> 12 | E19: 37609 | F19: =VLOOKUP(A19,ARTICULOS!$A$2:$D$11,3,0) -> Carrefour
A20: C003 | B20: 20 | C20: =VLOOKUP(A20,ARTICULOS!$A$2:$D$11,2,FALSE) -> TECLADO | D20: =VLOOKUP(A20,ARTICULOS!$A$2:$D$11,4,0) -> 12 | E20: 37626 | F20: =VLOOKUP(A20,ARTICULOS!$A$2:$D$11,3,0) -> Carrefour
A21: C005 | B21: 150 | C21: =VLOOKUP(A21,ARTICULOS!$A$2:$D$11,2,FALSE) -> CAJA | D21: =VLOOKUP(A21,ARTICULOS!$A$2:$D$11,4,0) -> 150 | E21: 37636 | F21: =VLOOKUP(A21,ARTICULOS!$A$2:$D$11,3,0) -> DIA
A22: C007 | B22: 40 | C22: =VLOOKUP(A22,ARTICULOS!$A$2:$D$11,2,FALSE) -> ALFOMBRILLA | D22: =VLOOKUP(A22,ARTICULOS!$A$2:$D$11,4,0) -> 3 | E22: 37662 | F22: =VLOOKUP(A22,ARTICULOS!$A$2:$D$11,3,0) -> Cash
A23: C008 | B23: 80 | C23: =VLOOKUP(A23,ARTICULOS!$A$2:$D$11,2,FALSE) -> PROCESADOR | D23: =VLOOKUP(A23,ARTICULOS!$A$2:$D$11,4,0) -> 300 | E23: 37736 | F23: =VLOOKUP(A23,ARTICULOS!$A$2:$D$11,3,0) -> LIDL
A24: C006 | B24: 100 | C24: =VLOOKUP(A24,ARTICULOS!$A$2:$D$11,2,FALSE) -> MONITOR | D24: =VLOOKUP(A24,ARTICULOS!$A$2:$D$11,4,0) -> 150 | E24: 37771 | F24: =VLOOKUP(A24,ARTICULOS!$A$2:$D$11,3,0) -> Erosky
... A36: C010 | B36: 90 | C36: =VLOOKUP(A36,ARTICULOS!$A$2:$D$11,2,FALSE) -> TARJETA VIDEO | D36: =VLOOKUP(A36,ARTICULOS!$A$2:$D$11,4,0) -> 30 | E36: 37940 | F36: =VLOOKUP(A36,ARTICULOS!$A$2:$D$11,3,0) -> Bon Preu

Sheet ARTICULOS
A1: REFERENCIA | B1: ARTICULO | C1: PROVEEDOR | D1: PRECIO
A2: C001 | B2: MODEM | C2: El Corte Ingles | D2: 50
A3: C002 | B3: RATON | C3: El Corte Ingles | D3: 10
A4: C003 | B4: TECLADO | C4: Carrefour | D4: 12
A5: C004 | B5: TORRE | C5: DIA | D5: 200
A6: C005 | B6: CAJA | C6: DIA | D6: 150
A7: C006 | B7: MONITOR | C7: Erosky | D7: 150
A8: C007 | B8: ALFOMBRILLA | C8: Cash | D8: 3
A9: C008 | B9: PROCESADOR | C9: LIDL | D9: 300
A10: C009 | B10: DISCO | C10: LIDL | D10: 100
A11: C010 | B11: TARJETA VIDEO | C11: Bon Preu | D11: 30
